Factor_A,Factor_B,Relationship
OPEC+ Cuts,Ukraine War,"Cuts tighten global oil supply on top of war-related disruptions, amplifying Europe's scramble for substitutes and raising marginal prices for U.S. fuels and gas via cross-fuel substitution."
OPEC+ Cuts,LNG Exports,"Higher oil prices (and shipping fuel costs) boost international gas demand and oil-indexed LNG pricing, supporting stronger U.S. LNG export volumes and upward pressure on Henry Hub."
OPEC+ Cuts,Dollar Strength,Oil is priced in USD; a cuts-driven oil shock can weaken risk appetite and the dollar (amplifying U.S. price impacts) or strengthen the dollar as a safe haven (partly offsetting pump prices). Net effect: adds FX-driven volatility.
OPEC+ Cuts,China Demand,"If China demand is soft, OPEC+ cuts try to floor prices; if China rebounds while cuts persist, price spikes are larger and transmit more forcefully to U.S. fuels."
OPEC+ Cuts,No New Refineries,"With limited U.S. refining capacity, higher crude costs translate more directly into higher gasoline/diesel prices; constrained capacity widens crack spreads."
OPEC+ Cuts,Aging Grid,Dearer diesel and fuel oil raise backup/maintenance and outage-response costs; higher gas demand from oil-to-gas switching can lift power prices.
OPEC+ Cuts,Pipeline Limits,"When crude prices rise, regional bottlenecks widen basis differentials, making localized price spikes worse and slower to clear."
OPEC+ Cuts,Transformer Shortage,Higher energy and petrochemical input costs plus pricier transport inflate transformer costs and lead times-slowing grid projects that could ease prices.
OPEC+ Cuts,Deferred Maintenance,"Price volatility and inflated O&M costs encourage cash preservation and push non-critical work out, increasing reliability risks and price spikes during stress."
OPEC+ Cuts,Permit Delays,"Higher prices spur more applications (production, pipelines, storage, generation), lengthening queues; delays keep new supply from relieving prices."
OPEC+ Cuts,Dual System Costs,"Costlier fossil fuels raise operating costs of the legacy system while the clean system is built, increasing the visible 'two systems' burden in rates."
OPEC+ Cuts,State Conflicts,"Spikes linked to OPEC+ decisions intensify divergent state responses (tax holidays vs. stricter mandates), adding regulatory fragmentation that clouds investment and keeps risk premia in prices."
OPEC+ Cuts,Carbon Rules,"When crude is expensive, compliance costs and carbon adders compound for oil-intensive sectors; higher fuel prices accelerate demand shifts but raise near-term operating costs."
OPEC+ Cuts,Renewable Mandates,"Expensive oil improves the relative economics of renewables, but higher input and shipping costs (from pricier fuels) raise project CAPEX-mixed near-term price effect."
OPEC+ Cuts,Labor Shortage,"High prices pull more labor into O&G and midstream, tightening construction/utility labor markets and pushing wages up-costs that flow into rates."
OPEC+ Cuts,Input Costs,"Direct pass-through: crude-linked feedstocks and diesel-based logistics get more expensive, raising costs across the energy supply chain."
OPEC+ Cuts,Cybersecurity,"Elevated prices raise the stakes of infrastructure attacks and extortion, spurring security spend that shows up in OPEX and rates."
OPEC+ Cuts,Rising Wages,Energy-driven inflation fuels wage demands across sectors; utilities and EPC firms face higher payrolls that lift project and operating costs.
OPEC+ Cuts,Skills Gap,"A faster buildout (to respond to high prices) exposes shortages of specialized workers, slowing timelines and keeping supply tight longer."
OPEC+ Cuts,Utility Monopolies,"In vertically integrated or fuel-adjustment jurisdictions, higher fuel costs are passed through quickly to customers, making OPEC+ decisions more visible on bills."
OPEC+ Cuts,Market Speculation,OPEC+ announcements are catalysts for futures positioning and volatility; speculative swings can overshoot fundamentals and temporarily elevate wholesale prices.
OPEC+ Cuts,Consolidation,"Strong cash flows and higher valuations drive O&G M&A, potentially reducing competitive supply response speed and entrenching capital discipline."
OPEC+ Cuts,Underinvestment,"Cuts highlight (and profit from) prior underinvestment in supply; uncertainty sustains capital discipline, slowing new supply and keeping prices elevated."
OPEC+ Cuts,Stranded Assets,"Higher prices can extend the life of marginal fossil assets, but policy/volatility risk can accelerate write-downs-investment hesitancy supports firmer prices either way."
OPEC+ Cuts,Extreme Weather,"With less spare capacity, hurricanes or cold snaps cause larger refinery/outage impacts and sharper price spikes."
OPEC+ Cuts,Seasonal Spikes,Summer driving and winter heating spikes are magnified when baseline crude supply is intentionally tight.
OPEC+ Cuts,Droughts,"Reduced hydro output pushes more gas/oil-fired generation at the margin; with cuts, oil-linked fuels are pricier, lifting power costs and supporting gas prices via substitution."
OPEC+ Cuts,Insurance Costs,Higher rebuild and logistics costs raise premiums for energy infrastructure; those higher carrying costs feed back into end-user prices.
OPEC+ Cuts,Cooling Demand,"Hot summers increase peaker usage; when distillate/oil-linked peaking fuels and gas are dearer under OPEC+ cuts, wholesale power prices climb more."
Ukraine War,LNG Exports,"Europe's pivot from Russian pipeline gas turbocharged EU LNG demand; U.S. cargoes backfill the gap, lifting domestic gas prices and tying U.S. power costs more tightly to global LNG markets."
Ukraine War,Dollar Strength,Geopolitical risk can strengthen the USD (dampening some dollar-denominated commodity spikes) even as war risk premia lift oil/gas benchmarks; net effect: higher volatility in U.S. energy prices.
Ukraine War,China Demand,"Trade rerouting (discounted Russian crude to Asia) reshapes flows; when China rebounds, competition with Europe for cargoes tightens global supply and supports higher U.S. fuel and gas prices."
Ukraine War,No New Refineries,Loss of Russian diesel to Europe boosts U.S. product exports; limited U.S. refining capacity magnifies crack spreads and passes higher prices through to U.S. diesel/gasoline.
Ukraine War,Aging Grid,"War-driven gas price spikes (via LNG linkages) raise generation costs; outage response and fuel-switching become pricier, pressuring wholesale power prices."
Ukraine War,Pipeline Limits,Redirected global flows and higher exports stress U.S. midstream to Gulf/Atlantic terminals; regional pipeline constraints widen basis differentials and prolong local price spikes.
Ukraine War,Transformer Shortage,"War-related metals, energy, and logistics shocks raise transformer costs/lead times, slowing grid upgrades that could help moderate prices."
Ukraine War,Deferred Maintenance,"Elevated margins push refineries and gas plants to maximize run times; some turnarounds slip, increasing forced-outage risk and price spike severity."
Ukraine War,Permit Delays,"Surge in LNG, pipeline, storage, and generation proposals meets slow permitting; supply that could relieve prices arrives later, extending tight markets."
Ukraine War,Dual System Costs,Security shock accelerates clean buildout while legacy assets still carry fuel/maintenance costs; paying for both systems shows up in rates.
Ukraine War,State Conflicts,"States diverge on pipelines, LNG siting, and export posture; fragmented policy adds investor risk, keeping financing costs (and ultimately prices) higher."
Ukraine War,Carbon Rules,"Some jurisdictions temporarily prioritize energy security, but long-run response is faster decarbonization; near-term compliance + fuel costs stack onto consumer prices."
Ukraine War,Renewable Mandates,"Mandates gain political tailwind from security logic, yet supply-chain inflation (metals, shipping, diesel) raises project CAPEX and interconnection costs-mixed near-term price effect."
Ukraine War,Labor Shortage,"LNG terminals, pipelines, shipyards, and grid projects all hire at once; tight skilled labor markets push wages and project costs higher."
Ukraine War,Input Costs,"Higher diesel, steel, aluminum, and petrochemical feedstocks from war-driven shocks elevate costs throughout the energy supply chain, passing into rates and fuel prices."
Ukraine War,Cybersecurity,"Heightened state-actor activity elevates cyber risk for pipelines, LNG, utilities; increased security spend and incident risk premiums add to operating costs and volatility."
Ukraine War,Rising Wages,"Energy-shock inflation broadens; utilities/EPCs raise pay to compete, increasing O&M and project costs reflected in customer bills."
Ukraine War,Skills Gap,"Rapid ramp of LNG/midstream and grid-modernization work exposes shortages in welders, lineworkers, controls, cybersecurity; schedule slippage sustains tight supply and high prices."
Ukraine War,Utility Monopolies,Fuel spikes flow through power cost recovery mechanisms; war-linked volatility shows up quickly on bills in vertically integrated/adjustment-clause jurisdictions.
Ukraine War,Market Speculation,"War headlines catalyze crude/gas futures swings; risk premia and positioning can overshoot fundamentals, temporarily lifting wholesale prices."
Ukraine War,Consolidation,"Elevated cash flows plus geopolitical risk spur O&G and midstream M&A; capital discipline post-deals can slow supply response, supporting firmer prices."
Ukraine War,Underinvestment,"War exposes the cost of prior underinvestment in conventional supply and infrastructure; uncertainty can keep capital on the sidelines or narrowly focused, prolonging tightness."
Ukraine War,Stranded Assets,"Pipeline routes to Russia/Europe are devalued; in the U.S., policy/price volatility increases future stranding risk calculus, complicating investment and keeping risk premia in prices."
Ukraine War,Extreme Weather,"With global supply tight and exports high, storms/cold snaps cause bigger refinery and gas-system disruptions, amplifying price spikes."
Ukraine War,Seasonal Spikes,European winter LNG pulls increase U.S. winter gas prices; summer driving season meets tighter diesel/gasoline balances-seasonality becomes sharper.
Ukraine War,Droughts,"Lower hydro output (domestic or abroad) forces more gas/oil-fired generation; in a war-tight market, that substitution bids up fuel and power prices."
Ukraine War,Insurance Costs,"War risk, shipping reroutes, and higher rebuild costs lift premiums for energy infrastructure and logistics; those costs flow through to delivered energy."
Ukraine War,Cooling Demand,"Hot summers drive peaker usage; with global gas tight and distillates dear, peak-hour wholesale prices climb more and stay elevated longer."
LNG Exports,Dollar Strength,Exports tie U.S. gas prices to FX: a stronger USD trims overseas netbacks and can soften U.S. LNG pull; a weaker USD boosts netbacks and tightens U.S. gas balances-adding FX-driven volatility.
LNG Exports,China Demand,"Exports transmit Asia demand into U.S. pricing; Chinese industrial/power surges lift JKM/TTF, raise U.S. netbacks, and pull more Gulf Coast cargoes-supporting higher Henry Hub and power prices."
LNG Exports,No New Refineries,"Indirect: more LNG sailings raise marine fuel demand; limited refining capacity can keep distillate prices firm, nudging transport/logistics and project costs (including LNG supply chains) upward."
LNG Exports,Aging Grid,"Higher LNG-linked gas prices lift gas-fired generation costs; grid operators face pricier balancing and outage response, passing through to wholesale power prices."
LNG Exports,Pipeline Limits,"Exports pull molecules to the Gulf; constrained takeaway (e.g., from Appalachia) deepens basis discounts upstream and inflates coastal/NE prices during peaks."
LNG Exports,Transformer Shortage,"LNG buildout (terminals, pipelines, compression) adds power/infrastructure demand, competing for transformers and extending lead times-delaying grid projects that could moderate prices."
LNG Exports,Deferred Maintenance,Terminals and feedgas pipelines run hard; deferring outages can increase forced outages and price spikes when a large train/pipe trips offline.
LNG Exports,Permit Delays,"Export-driven surges in midstream, storage, and power interconnect requests crowd queues; delays slow capacity that would relieve localized price pressure."
LNG Exports,Dual System Costs,Exports elevate gas and peaker costs in the legacy system while states build out clean resources; the overlap period shows up in rates.
LNG Exports,State Conflicts,More exports intensify debates on pipelines/LNG siting vs. environmental goals; fragmented state postures raise investor risk and financing costs that feed into delivered energy prices.
LNG Exports,Carbon Rules,"Methane intensity and lifecycle COâ‚‚ from LNG gain scrutiny; compliance/monitoring costs (LDAR, certifications) raise OPEX/capex and, ultimately, tariff components."
LNG Exports,Renewable Mandates,"Higher gas prices improve renewables' relative economics, accelerating mandates/procurement in some regions-near term, interconnection and supply-chain limits can still keep prices firm."
LNG Exports,Labor Shortage,"LNG terminals, shipyards, midstream and construction compete for skilled labor, lifting wages and project costs that pass through to energy prices."
LNG Exports,Input Costs,"Steel, compressors, cryogenic equipment, valves, EPC services: export buildout bids these up, raising the cost of broader energy infrastructure."
LNG Exports,Cybersecurity,LNG links heighten critical-infrastructure value; higher security spend and incident risk premiums add to operating costs and volatility.
LNG Exports,Rising Wages,Gulf Coast and midstream wage inflation from export growth increases O&M/capex across utilities and pipelines-reflected in rates/tolls.
LNG Exports,Skills Gap,"Cryogenics, maritime ops, controls, and welding shortages slow timelines, keeping supply tight and supporting higher prices longer."
LNG Exports,Utility Monopolies,Greater LNG pull raises fuel adjustment charges in gas-heavy power regions; vertically integrated utilities pass through fuel costs faster.
LNG Exports,Market Speculation,"Arbitrage between Henry Hub and TTF/JKM grows; speculative flows around outages, weather, and freight swing U.S. gas and power prices more sharply."
LNG Exports,Consolidation,"Strong cash flows + scale needs drive LNG/midstream M&A; capital discipline post-deal can temper supply response, supporting firmer prices."
LNG Exports,Underinvestment,"If upstream/midstream investment lags export capacity, domestic balances stay tight and prices higher; uncertainty about future policy can prolong this gap."
LNG Exports,Stranded Assets,"Long-lived LNG assets face future demand/policy risk; higher required returns today embed a risk premium into tariffs and, indirectly, domestic prices."
LNG Exports,Extreme Weather,Hurricanes/cold snaps that disrupt Gulf feedgas or terminal ops now ripple directly into domestic prices via curtailed exports or sudden domestic oversupply-both volatile.
LNG Exports,Seasonal Spikes,Winter Europe/Asia pulls tighten U.S. gas in Q4-Q1; summer maintenance/freight constraints plus U.S. power burn amplify shoulder-season and peak-season price swings.
LNG Exports,Droughts,"Lower hydro (U.S. or abroad) boosts gas-fired generation; with strong exports, incremental gas burn pushes U.S. prices higher."
LNG Exports,Insurance Costs,"Coastal, hurricane-exposed export assets carry rising premiums; higher risk/carry costs feed into liquefaction tolls and upstream/midstream tariffs."
LNG Exports,Cooling Demand,"Hot summers raise gas-fired peaker use; exports constrain spare gas, so peak-hour wholesale power prices run higher and for longer."
Dollar Strength,China Demand,"A stronger USD weakens non-U.S. purchasing power, dampening China's dollar-priced commodity demand; softer global pulls can ease U.S. oil/gas benchmarks and downstream fuel prices."
Dollar Strength,No New Refineries,"Strong USD can cheapen imported crude/products and equipment, but limited capacity still widens crack spreads in tight seasons-so FX relief only partially reaches the pump."
Dollar Strength,Aging Grid,"Grid gear with imported content gets cheaper in USD terms when the dollar is strong, but USD strength often coincides with higher interest rates, lifting financing costs that flow into rates."
Dollar Strength,Pipeline Limits,"FX modestly lowers import costs for pipe/valves/steel when USD is strong, yet physical bottlenecks dominate pricing-regional basis blowouts persist regardless of FX."
Dollar Strength,Transformer Shortage,"Strong USD softens import prices for cores/steel, but scarcity and long lead times keep project costs elevated; any FX relief to grid capex is incremental."
Dollar Strength,Deferred Maintenance,"If USD strength cools fuel/inputs inflation, O&M pressures ease; conversely, higher rates paired with a strong USD can strain budgets and push turnarounds out-raising outage risk and price spikes."
Dollar Strength,Permit Delays,"FX barely matters; financing conditions correlated with a strong USD (tight money) make delays costlier, slowing supply that could moderate prices."
Dollar Strength,Dual System Costs,"Imported clean-energy hardware may be cheaper with a strong USD, but higher borrowing costs increase the expense of running/building both systems-keeping upward pressure on rates."
Dollar Strength,State Conflicts,"A strong USD can temper headline fuel inflation, slightly easing political friction-but divergent state policies still add risk premia that keep delivered prices sticky."
Dollar Strength,Carbon Rules,FX effects on fuel costs can offset a sliver of compliance expenses; rules themselves are domestic cost adders largely insensitive to dollar moves.
Dollar Strength,Renewable Mandates,"Strong USD reduces USD prices for imported modules/turbines, improving economics and potentially accelerating deployment-long-run price relief if interconnection keeps pace."
Dollar Strength,Labor Shortage,"If a strong USD coincides with disinflation, wage growth may cool at the margin; tight trades remain a binding constraint, so labor still props up project costs."
Dollar Strength,Input Costs,"Most commodities are USD-priced; a stronger USD typically lowers global dollar prices for oil, metals, and freight, easing some capex/OPEX and ultimately end-user prices."
Dollar Strength,Cybersecurity,"Minimal direct FX link; spend is driven by risk rather than currency, so price impact is unchanged."
Dollar Strength,Rising Wages,"A strong USD often pairs with tighter monetary policy that cools inflation and wage pressure, moderating utility O&M growth and future rate increases."
Dollar Strength,Skills Gap,"Currency doesn't create skills; if strong USD slows project starts, pressure on scarce trades can ease slightly-marginally helping costs."
Dollar Strength,Utility Monopolies,"Fuel riders may fall a bit if strong USD trims commodity costs, but higher interest expenses (often present alongside a strong USD) raise revenue requirements and rates."
Dollar Strength,Market Speculation,"Strong USD tends to weigh on oil prices via macro risk-off flows; speculative pressure can amplify that, softening wholesale fuel prices-until fundamentals retake the wheel."
Dollar Strength,Consolidation,"Strong USD gives U.S. buyers more global firepower, but higher capital costs temper deal pace; post-merger capital discipline can restrain supply response, supporting firmer prices over time."
Dollar Strength,Underinvestment,"If strong USD = tighter money, hurdle rates rise and projects slip, prolonging tight supply and lending support to future prices despite near-term fuel relief."
Dollar Strength,Stranded Assets,"Higher discount rates (often riding with a strong USD) elevate stranding risk and required returns, nudging prices up via higher allowed revenues/tariffs."
Dollar Strength,Extreme Weather,"FX sets the baseline cost of fuels and equipment; a strong USD lowers that baseline a bit, but weather shocks still dominate peak price formation."
Dollar Strength,Seasonal Spikes,"Strong USD can mute the level of summer/winter fuels, but seasonal patterns remain; peaks are a touch lower off a lower baseline."
Dollar Strength,Droughts,"Lower hydro forces more thermal generation; if USD is strong, fuel costs are somewhat softer, moderating-but not erasing-power price impacts."
Dollar Strength,Insurance Costs,Reinsurance is globally priced (often in USD); currency effects are second-order versus catastrophe loss trends-little direct relief to premiums.
Dollar Strength,Cooling Demand,"Strong USD can tame fuel input costs feeding peakers, trimming the height/duration of heat-wave price spikes-but grid and gas constraints still set the ceiling."
China Demand,No New Refineries,"When China pulls more gasoline/diesel, global product balances tighten; with limited U.S. refining capacity, crack spreads widen and U.S. pump prices rise faster."
China Demand,Aging Grid,"Higher China-driven LNG/coal/oil demand lifts global fuel benchmarks, raising U.S. gas-fired generation costs and outage-response logistics (diesel), nudging wholesale power prices up."
China Demand,Pipeline Limits,"Strong Asia pull redirects U.S. molecules to export hubs; regional pipeline bottlenecks deepen basis blowouts (Appalachia vs. Gulf/NE), worsening local price spikes."
China Demand,Transformer Shortage,"China's appetite for steel/copper and grid gear tightens global supply, extending lead times and raising costs for U.S. transformers-delaying upgrades that could moderate prices."
China Demand,Deferred Maintenance,Elevated margins from tight global demand encourage max run times at refineries/gas plants; deferred turnarounds increase forced-outage risk and spike severity.
China Demand,Permit Delays,"Stronger global demand spurs more U.S. proposals (LNG, pipelines, storage, generation); permitting queues slow capacity that would relieve prices."
China Demand,Dual System Costs,"Higher commodity prices raise fuel/O&M for the legacy system and inflate materials/shipping for the clean buildout, increasing 'two systems' pressure in rates."
China Demand,State Conflicts,"Price impacts linked to China's demand amplify policy splits (exports/pipelines vs. environmental constraints), adding uncertainty and risk premia to delivered energy costs."
China Demand,Carbon Rules,"Dearer fuels raise the visible cost of compliance for oil/gas-heavy operations; simultaneously, high fossil prices improve the relative economics of lower-carbon options-mixed near-term price effects."
China Demand,Renewable Mandates,"High fossil prices strengthen the case for renewables, but China-driven demand for metals/modules/turbine components raises CAPEX, slowing price relief."
China Demand,Labor Shortage,"Export/midstream and construction surge to serve tight global markets, bidding up skilled labor and pushing project and utility O&M costs into rates."
China Demand,Input Costs,"Strong Chinese demand lifts steel, copper, cement, resins, and diesel/logistics, raising capex/OPEX across the U.S. energy supply chain and ultimately end-user prices."
China Demand,Cybersecurity,"More valuable, export-linked infrastructure becomes a higher target; increased security spend and incident risk show up in operating costs and volatility."
China Demand,Rising Wages,"Commodity-driven inflation filters into wage demands; utilities/EPCs raise pay to compete, lifting revenue requirements and rates."
China Demand,Skills Gap,"Accelerated buildouts expose shortages in welders, lineworkers, controls, cryogenics, and maritime ops-timelines slip, keeping supply tight and prices firm."
China Demand,Utility Monopolies,Fuel adjustment riders pass global fuel tightness into retail bills more quickly in vertically integrated jurisdictions.
China Demand,Market Speculation,"China growth data and policy moves (stimulus/lockdowns) catalyze futures positioning, amplifying oil/gas price swings that filter into U.S. wholesale prices."
China Demand,Consolidation,"Stronger cash flows and scale needs in tight cycles foster O&G/midstream M&A; post-deal capital discipline can slow supply response, supporting firmer prices."
China Demand,Underinvestment,"Persistent China-led tightness highlights the cost of earlier underinvestment; uncertainty can still restrain new capital, prolonging elevated price levels."
China Demand,Stranded Assets,"High prices can extend the economic life of marginal fossil assets, but long-run global transition signals (including China's) keep stranding risk in discount rates-adding a financing premium."
China Demand,Extreme Weather,"With thin spare capacity globally, storms/cold snaps cause larger refinery/gas system disruptions and sharper U.S. price spikes."
China Demand,Seasonal Spikes,"Chinese seasonal industrial/heating cycles can coincide with U.S. summer/winter peaks, tightening balances and elevating seasonal price amplitudes."
China Demand,Droughts,China hydro shortfalls increase coal/LNG import needs; tighter global gas/coal markets push U.S. fuel and power prices higher via exports and benchmark linkages.
China Demand,Insurance Costs,Elevated rebuild/materials and logistics costs from strong global demand lift premiums for U.S. energy assets; higher carrying costs flow through to prices.
China Demand,Cooling Demand,"Hot U.S. summers require more peaker fuel; China-driven tight LNG/distillates leave less slack, raising peak-hour wholesale power prices."
No New Refineries,Aging Grid,Expensive diesel from tight refining spreads raises backup-generation and outage-response costs; higher peaker costs amplify wholesale power price spikes.
No New Refineries,Pipeline Limits,"Bottlenecked product pipelines magnify the impact of refinery scarcity: when one region runs short, prices spike harder because refined product can't flow easily."
No New Refineries,Transformer Shortage,"Higher diesel/steel costs inflate transformer shipping and manufacturing; refinery bottlenecks make petrochemical-derived materials pricier, delaying grid upgrades that could ease costs."
No New Refineries,Deferred Maintenance,"Refineries running flat-out due to scarce capacity defer turnarounds; forced outages then create sudden product shortfalls, amplifying price spikes."
No New Refineries,Permit Delays,"Building/expanding refining or midstream is slowed, so capacity constraints persist longer, keeping fuel prices elevated."
No New Refineries,Dual System Costs,"Legacy system fuels (gasoline/diesel) rise in cost with tight refining, while customers still fund clean-system buildout, making the 'two bills' effect sharper."
No New Refineries,State Conflicts,States with reformulated fuel rules face bigger price penalties when refineries are scarce; patchwork standards widen price differentials and pass higher costs to consumers.
No New Refineries,Carbon Rules,"Compliance costs on a shrinking, older refinery fleet raise per-barrel costs; higher product prices feed directly into transport, manufacturing, and power costs."
No New Refineries,Renewable Mandates,"Higher gasoline/diesel prices make ethanol/biofuel blending cheaper on a relative basis, but limited refinery flexibility can create friction and keep retail prices sticky."
No New Refineries,Labor Shortage,"Maintenance/construction workers stretched thin delay refinery projects, sustaining capacity scarcity and higher pump prices."
No New Refineries,Input Costs,"High energy and petrochemical input costs flow through to asphalt, lubricants, plastics, and industrial fuels; refinery scarcity makes each input cycle pricier."
No New Refineries,Cybersecurity,A successful attack on a limited refinery fleet has outsized impact; higher risk premiums and security spend add to OPEX and ultimately consumer prices.
No New Refineries,Rising Wages,Labor intensity of maintenance and upgrades grows costlier; those expenses fold into higher crack spreads and pump prices.
No New Refineries,Skills Gap,"Fewer trained refinery workers stretch turnaround timelines; productivity losses keep effective capacity tighter, sustaining elevated prices."
No New Refineries,Utility Monopolies,Fuel pass-through mechanisms transmit refinery-driven gasoline/diesel spikes directly to power customers when distillates are used for peakers or backup.
No New Refineries,Market Speculation,"Traders amplify scarcity signals from refinery outages, driving product futures higher and feeding through to rack and retail prices."
No New Refineries,Consolidation,"Fewer refineries = more concentrated ownership; consolidation sustains margins and capital discipline, slowing capacity response and prolonging higher prices."
No New Refineries,Underinvestment,Decades without new builds leave the system brittle; underinvestment in refinery upgrades sustains structural scarcity that keeps prices higher even in moderate demand.
No New Refineries,Stranded Assets,"Refiners hesitate to invest due to transition risk; lack of reinvestment entrenches scarcity, reinforcing higher product price volatility."
No New Refineries,Extreme Weather,Hurricanes or freezes that shut a refinery ripple further when spare capacity is scarce; localized outages mean national price spikes.
No New Refineries,Seasonal Spikes,Summer driving and winter heating push already-limited capacity harder; seasonal price swings become sharper and more painful.
No New Refineries,Droughts,"Lower river levels impede barge transport of crude and refined products; with few refineries, logistics constraints exacerbate supply gaps and raise prices."
No New Refineries,Insurance Costs,"Rising premiums for coastal/refinery assets compound OPEX; with few plants to spread costs over, higher insurance costs per barrel feed directly into prices."
No New Refineries,Cooling Demand,"Summer peaker plants need diesel/jet derivatives for backup; refinery scarcity raises costs of those fuels, pushing up power bills during heat waves."
Aging Grid,Pipeline Limits,"Constrained pipelines increase regional reliance on gas-fired generation; when the grid is already brittle, congestion costs spike faster, driving wholesale prices higher."
Aging Grid,Transformer Shortage,"Old infrastructure requires replacements; shortages keep aging gear in service longer, raising outage risk and compounding price spikes during stress."
Aging Grid,Deferred Maintenance,"On both grids and plants, deferrals compound; when maintenance is skipped, cascading failures hit harder, causing blackouts and costly emergency generation."
Aging Grid,Permit Delays,"Needed grid upgrades sit in queues; aging infrastructure remains stressed longer, raising congestion and reliability costs that show up in rates."
Aging Grid,Dual System Costs,"Grid can't easily integrate new renewables without upgrades; ratepayers pay both for reliability fixes on the old grid and for clean-energy connections, elevating costs."
Aging Grid,State Conflicts,"States push divergent grid policies (interconnection standards, resilience mandates), adding regulatory friction; compliance costs rise while an old grid stays stressed."
Aging Grid,Carbon Rules,Grid fragility forces reliance on older fossil plants during outages; compliance penalties add to already high outage-driven power prices.
Aging Grid,Renewable Mandates,"Mandates push intermittent supply onto a weak grid, driving curtailments and congestion; costs of balancing on old wires inflate bills."
Aging Grid,Labor Shortage,"Skilled lineworkers and technicians are scarce; aging assets require more repairs, so wage inflation and backlog costs mount."
Aging Grid,Input Costs,"Steel, aluminum, copper, and diesel for maintenance all rise in price; an old grid consumes more of these, amplifying O&M costs."
Aging Grid,Cybersecurity,Outdated SCADA and legacy systems are easier targets; higher security spend and disruption risk feed into rates.
Aging Grid,Rising Wages,"Linework is labor-intensive; wage growth directly translates into higher O&M on an old, failure-prone grid."
Aging Grid,Skills Gap,"Lack of trained workers slows upgrades, keeps old gear running longer, and sustains reliability penalties that raise wholesale prices."
Aging Grid,Utility Monopolies,"Monopolies recover grid O&M and capital costs from captive customers; aging grid needs more spend, inflating bills."
Aging Grid,Market Speculation,Traders price in grid stress via congestion premiums; volatility tied to transmission outages amplifies wholesale prices.
Aging Grid,Consolidation,"Fewer utilities/operators manage large swaths of old infrastructure; discipline on capex upgrades keeps grid stressed longer, raising costs."
Aging Grid,Underinvestment,"Chronic deferral is the root driver; continued underfunding of grid modernization sustains high congestion, outage, and balancing costs."
Aging Grid,Stranded Assets,Fear of stranding wires or plants slows modernization; clinging to aging assets leaves higher repair costs in the rate base.
Aging Grid,Extreme Weather,"A weak grid collapses faster in hurricanes, cold snaps, or heat waves; blackouts and emergency power purchases sharply elevate prices."
Aging Grid,Seasonal Spikes,"During summer/winter peaks, congestion charges multiply when an old grid can't move cheap power around."
Aging Grid,Droughts,"Hydro shortfalls force more long-distance transfers; grid bottlenecks magnify fuel substitution costs, raising localized power bills."
Aging Grid,Insurance Costs,Old substations/lines face higher premiums; carrying costs add to utility revenue requirements and end-user bills.
Aging Grid,Cooling Demand,Hot summers push peak loads beyond grid capacity; emergency fixes and congestion costs drive power prices up more sharply.
Pipeline Limits,Transformer Shortage,"More local generation is built to bypass pipeline bottlenecks, but transformer shortages slow those projects; scarcity keeps basis blowouts wider and prices higher."
Pipeline Limits,Deferred Maintenance,"With limited capacity, operators push pipelines hard; deferred work raises outage/rupture risks, causing sudden supply shortfalls and price spikes."
Pipeline Limits,Permit Delays,"New pipelines linger in queues; persistent delays keep regional supply stranded, entrenching higher price differentials."
Pipeline Limits,Dual System Costs,Bottlenecks force reliance on costly truck/rail for fuel delivery while also funding cleaner systems; consumers pay for both inefficiencies and new builds.
Pipeline Limits,State Conflicts,"Interstate pipelines face patchwork approvals; state opposition magnifies constraints, raising regional energy costs."
Pipeline Limits,Carbon Rules,Tight capacity makes shifting to lower-carbon fuels harder; compliance costs compound when cleaner fuel can't reach markets efficiently.
Pipeline Limits,Renewable Mandates,"Bottlenecks restrict gas deliveries needed to balance renewables; curtailment costs rise, inflating rates."
Pipeline Limits,Labor Shortage,"Fewer skilled workers delay new pipeline projects and maintenance, prolonging bottlenecks that sustain elevated prices."
Pipeline Limits,Input Costs,"Steel, diesel, and construction inputs inflate capex; higher costs stall expansion, keeping supply tight and regional prices high."
Pipeline Limits,Cybersecurity,Attacks on constrained pipeline networks ripple harder; disruptions cause immediate fuel price surges when alternatives are limited.
Pipeline Limits,Rising Wages,"Higher labor costs inflate both O&M and expansion budgets, adding to tariffs and slowing relief from bottlenecks."
Pipeline Limits,Skills Gap,"Lack of trained welders/engineers slows builds, prolonging constraints and leaving regional imbalances unaddressed."
Pipeline Limits,Utility Monopolies,Monopoly utilities pass through higher delivered gas costs caused by bottlenecks directly to retail bills.
Pipeline Limits,Market Speculation,"Traders price in basis risks at constrained nodes; speculation amplifies spreads and volatility, raising consumer costs."
Pipeline Limits,Consolidation,Fewer pipeline operators can sustain high tariffs and discipline on expansion; less competition means bottlenecks persist longer.
Pipeline Limits,Underinvestment,Chronic underbuild leaves demand centers exposed; persistent scarcity raises long-term fuel and power costs.
Pipeline Limits,Stranded Assets,"Policy risk discourages new pipe builds; underbuild entrenches bottlenecks, keeping delivered prices elevated."
Pipeline Limits,Extreme Weather,Cold snaps or hurricanes stress constrained networks harder; fuel delivery shortfalls cause wholesale price surges.
Pipeline Limits,Seasonal Spikes,Winter heating and summer cooling amplify bottleneck effects; constrained flows drive sharp seasonal price swings.
Pipeline Limits,Droughts,"Low river levels limit barge alternatives; pipeline constraints bite harder, raising delivered fuel and power costs."
Pipeline Limits,Insurance Costs,Premiums for accident/disruption coverage rise when a few constrained routes carry most supply; costs feed into tariffs and delivered prices.
Pipeline Limits,Cooling Demand,"Hot summers increase gas burn for power; pipeline bottlenecks starve plants, spiking peak-hour wholesale electricity prices."
Transformer Shortage,Deferred Maintenance,Old transformers stay online longer when replacements are scarce; failures during peaks cause costly outages and sharp wholesale price spikes.
Transformer Shortage,Permit Delays,"Even when projects are approved, shortages delay delivery; congestion and reliability costs persist longer, keeping energy prices high."
Transformer Shortage,Dual System Costs,"Modernizing grids for renewables requires transformers; shortages stretch timelines, forcing customers to fund both legacy fixes and delayed clean buildouts."
Transformer Shortage,State Conflicts,"States compete for limited equipment; patchwork procurement inflates costs and slows upgrades, raising ratepayer bills."
Transformer Shortage,Carbon Rules,"Grid decarbonization requires new connections; equipment shortages delay compliance, raising costs for utilities and slowing emission-reduction savings."
Transformer Shortage,Renewable Mandates,Scarcity limits the pace of interconnection; curtailments and congestion increase costs for consumers while mandates drive more demand.
Transformer Shortage,Labor Shortage,"Fewer technicians to install/manage scarce transformers prolong project timelines and inflate O&M, pushing rates higher."
Transformer Shortage,Input Costs,"Scarce electrical steel and copper keep transformer costs high; commodity inflation compounds the scarcity premium, raising grid project costs."
Transformer Shortage,Cybersecurity,"A small, overstressed fleet of transformers is a critical target; extra security spending raises OPEX, and a successful attack causes massive price spikes."
Transformer Shortage,Rising Wages,"Higher labor costs add to already inflated installation and manufacturing expenses, embedding higher rates for utilities."
Transformer Shortage,Skills Gap,"Limited specialized workforce slows replacement and integration, prolonging outage risks and sustaining higher congestion charges."
Transformer Shortage,Utility Monopolies,Scarcity-driven cost overruns are passed through to captive customers; rates rise as monopolies recover higher capex/O&M.
Transformer Shortage,Market Speculation,Traders anticipate congestion from delayed upgrades; speculation amplifies wholesale price swings tied to grid constraints.
Transformer Shortage,Consolidation,"Fewer suppliers dominate transformer manufacturing; concentrated control sustains scarcity and high prices, pushing project costs higher."
Transformer Shortage,Underinvestment,Years of underfunded grid manufacturing capacity created the shortage; continued underinvestment ensures prices stay high and delays persist.
Transformer Shortage,Stranded Assets,"Fear of building obsolete gear slows new manufacturing; long lead times sustain shortages, inflating interconnection and O&M costs."
Transformer Shortage,Extreme Weather,Heat waves and storms stress old transformers; failures during extremes spike prices more when replacements are scarce.
Transformer Shortage,Seasonal Spikes,Summer/winter peaks stress old gear; outages or load-shedding during scarcity-driven delays elevate seasonal power prices.
Transformer Shortage,Droughts,"Hydro shortfalls force heavier reliance on gas/renewables; transformer scarcity slows interconnections, worsening price impacts of fuel substitution."
Transformer Shortage,Insurance Costs,"Premiums rise for scarce, irreplaceable transformers; high risk-carrying costs filter into utility revenue requirements."
Transformer Shortage,Cooling Demand,High summer demand overheats old transformers; forced outages cause peak-hour wholesale electricity prices to surge.
Deferred Maintenance,Permit Delays,"When approvals for new infrastructure are slow, operators squeeze more from existing assets; deferred maintenance piles up, raising outage risks and emergency costs."
Deferred Maintenance,Dual System Costs,"Legacy systems needing more upkeep get deferred, while clean systems demand new capex; customers end up paying higher rates for breakdowns and for new projects."
Deferred Maintenance,State Conflicts,"States with stricter oversight may block deferrals, while others allow them; uneven reliability and costs create regional price disparities."
Deferred Maintenance,Carbon Rules,"Deferred upgrades at fossil plants lead to less efficient, dirtier operations; compliance costs stack on top of repair costs, inflating energy prices."
Deferred Maintenance,Renewable Mandates,"Integration of renewables requires robust grid and plant maintenance; deferred work heightens curtailments and balancing costs, raising bills."
Deferred Maintenance,Labor Shortage,"With limited crews, maintenance is first to slip; deferred work stretches assets, making forced outages more likely and costly."
Deferred Maintenance,Input Costs,"Expensive steel, fuel, and parts encourage deferrals; but when breakdowns happen, replacement costs are even higher, spiking energy costs."
Deferred Maintenance,Cybersecurity,"Legacy IT/OT systems left unpatched due to deferral are vulnerable; a breach can trigger costly outages, inflating wholesale and retail prices."
Deferred Maintenance,Rising Wages,Higher payroll expenses tempt operators to defer routine work; short-term savings become long-term reliability and cost penalties.
Deferred Maintenance,Skills Gap,Too few specialized workers means tasks get deferred; downtime costs soar when failures finally hit.
Deferred Maintenance,Utility Monopolies,"Monopolies may pass deferred-maintenance fallout (forced outages, replacement costs) to customers, inflating bills."
Deferred Maintenance,Market Speculation,Traders anticipate reliability risks from deferred assets; speculation magnifies price spikes during outages.
Deferred Maintenance,Consolidation,Larger companies may prioritize dividends/buybacks over upkeep; deferred work sustains tighter supply and firmer prices.
Deferred Maintenance,Underinvestment,Deferred maintenance is underinvestment in disguise; chronic neglect locks in higher repair costs and volatility.
Deferred Maintenance,Stranded Assets,Assets near retirement are most likely to have work deferred; failures raise near-term prices as backup fuel is dispatched at premium costs.
Deferred Maintenance,Extreme Weather,"Hurricanes, freezes, and heat waves hit weaker equipment harder; deferred maintenance amplifies storm-driven outages and price spikes."
Deferred Maintenance,Seasonal Spikes,Summer/winter peaks stress poorly maintained systems; failures during these spikes drive emergency procurement and higher wholesale rates.
Deferred Maintenance,Droughts,Hydro dams with deferred upkeep lose capacity faster; replacement with thermal generation raises fuel costs and prices.
Deferred Maintenance,Insurance Costs,Insurers raise premiums for poorly maintained infrastructure; higher premiums feed into rates.
Deferred Maintenance,Cooling Demand,Deferred HVAC/power plant maintenance causes breakdowns during heat waves; emergency supply and blackouts push peak prices sky-high.
Permit Delays,Dual System Costs,"While permits drag, utilities must keep funding both legacy fuels and delayed clean projects; overlapping costs burden ratepayers."
Permit Delays,State Conflicts,Different states fast-track or stall projects; fragmented permitting landscapes create uneven access to supply and higher risk premiums in markets.
Permit Delays,Carbon Rules,"Compliance costs climb when cleaner replacements are delayed; fossil plants run longer, adding fuel and emissions expenses."
Permit Delays,Renewable Mandates,"Mandates require fast buildout, but permit bottlenecks stall projects; curtailment, scarcity, and procurement of backup fuels push prices higher."
Permit Delays,Labor Shortage,"Long waits strain workforce allocation; crews are idle during delays, then overbooked when approvals hit, inflating project costs."
Permit Delays,Input Costs,"Delayed projects hit later when steel, copper, and fuel costs may be higher; inflation compounds final price tags passed to customers."
Permit Delays,Cybersecurity,"Delay keeps older, less secure infrastructure in service; higher vulnerability risks costly outages and emergency procurement."
Permit Delays,Rising Wages,"Project delays stretch schedules; wage escalation over time raises total capex and financing needs, feeding into delivered prices."
Permit Delays,Skills Gap,Stop-start cycles from permitting tie up scarce skilled workers inefficiently; productivity losses increase project costs and strain energy prices.
Permit Delays,Utility Monopolies,"Monopolies recoup delay-driven costs in rate base; consumers fund both higher interim fuel costs and later, inflated capital recovery."
Permit Delays,Market Speculation,Investors trade around anticipated shortages from blocked/delayed projects; speculation magnifies wholesale price swings.
Permit Delays,Consolidation,Permitting hurdles favor larger players who can wait out delays; less competition and capital discipline sustain tighter supply and higher prices.
Permit Delays,Underinvestment,Protracted approval times deter future investment; chronic scarcity and infrastructure shortfalls keep prices structurally elevated.
Permit Delays,Stranded Assets,"Delays increase risk of building into obsolete conditions; fear of stranding dampens capital deployment, prolonging scarcity-driven higher prices."
Permit Delays,Extreme Weather,"Delayed transmission, gas plants, or storage leave systems exposed; outages during storms drive emergency purchases and severe spikes."
Permit Delays,Seasonal Spikes,Delayed capacity projects mean summer/winter peaks hit without relief; seasonal price volatility intensifies.
Permit Delays,Droughts,Slow approvals for hydro/renewable replacements force longer fossil reliance; tighter global gas/fuel balances raise power prices.
Permit Delays,Insurance Costs,"Delays raise overall project risk profiles; lenders and insurers charge more, embedding higher financing premiums in end-user costs."
Permit Delays,Cooling Demand,Needed grid/gas projects aren't online in time for summer; peak cooling load spikes wholesale power prices harder.
Dual System Costs,State Conflicts,States with divergent priorities (rate relief vs. aggressive mandates) amplify the 'two-bill' problem; policy fragmentation sustains higher costs.
Dual System Costs,Carbon Rules,"Compliance penalties on old assets stack on top of financing for new builds; customers fund both streams, inflating energy bills."
Dual System Costs,Renewable Mandates,"Mandates accelerate clean buildout even as legacy systems remain active; dual costs sharpen in the short run, making rates more volatile."
Dual System Costs,Labor Shortage,"Two systems mean double workforce needs; scarce labor inflates wages and project costs, amplifying ratepayer burden."
Dual System Costs,Input Costs,"Steel, copper, cement, and diesel are needed for both legacy O&M and renewable construction; global inflation pushes costs higher in both systems simultaneously."
Dual System Costs,Cybersecurity,Utilities must secure old systems and new digital/renewable assets; overlapping cybersecurity spend raises O&M and compliance costs.
Dual System Costs,Rising Wages,Payroll pressures double with dual operations; higher wages inflate costs across both sides of the system.
Dual System Costs,Skills Gap,Maintaining conventional assets while integrating renewables strains a limited skilled workforce; delays and inefficiencies translate into higher project and operating costs.
Dual System Costs,Utility Monopolies,Monopolies pass through legacy fuel and new build costs together; captive customers bear the brunt of dual recovery.
Dual System Costs,Market Speculation,"Traders price in the inefficiencies of dual systems (curtailments, congestion, fuel swings); volatility magnifies wholesale price impacts."
Dual System Costs,Consolidation,Large firms may profit from running both systems but resist lowering costs; consolidation sustains dual burdens on consumers.
Dual System Costs,Underinvestment,Capital split between old and new reduces efficiency; underfunded upgrades prolong higher costs from dual operations.
Dual System Costs,Stranded Assets,"Legacy plants stay online to preserve reliability, but are depreciated quickly; stranded costs are baked into rates while new builds pile on."
Dual System Costs,Extreme Weather,"Old assets must be kept ready for reliability during storms, adding maintenance costs on top of new-system resilience expenses."
Dual System Costs,Seasonal Spikes,"Legacy peakers are expensive but required in peaks; costs stack with renewables/storage buildout, making peak prices even higher."
Dual System Costs,Droughts,"When hydro falters, fossil plants fill gaps while renewables ramp; funding both streams during shortages magnifies customer bills."
Dual System Costs,Insurance Costs,Utilities insure both old and new infrastructure; overlapping premiums inflate costs passed on to consumers.
Dual System Costs,Cooling Demand,"During hot summers, both legacy peakers and renewable projects are strained; dual operational costs make peak bills higher."
State Conflicts,Carbon Rules,"Some states push stricter compliance while others resist; fragmented rules complicate investment, raise compliance costs, and slow efficiency gains-keeping prices higher."
State Conflicts,Renewable Mandates,Divergent targets across states distort power flows and create transmission congestion; mandates in one state drive up costs while neighbors with looser rules still feel the price spillover.
State Conflicts,Labor Shortage,"States compete for limited skilled labor, especially on cross-border projects; wage inflation and delays raise costs."
State Conflicts,Input Costs,"Differing procurement rules (domestic vs. global sourcing) raise costs for multi-state projects, embedding inefficiencies into energy prices."
State Conflicts,Cybersecurity,"State-level variation in standards creates patchwork defenses; compliance duplication raises O&M costs, and vulnerabilities risk price-spiking disruptions."
State Conflicts,Rising Wages,Wage escalation hits unevenly across state-regulated utilities; fragmented cost recovery drives uneven but generally higher customer bills.
State Conflicts,Skills Gap,"State-specific training/certification rules complicate workforce mobility; inefficiency slows projects, prolonging supply tightness and higher prices."
State Conflicts,Utility Monopolies,Regulatory treatment varies widely by state; fragmented oversight limits competitive checks and creates regional price disparities.
State Conflicts,Market Speculation,"Traders exploit state-level regulatory differences, especially during transmission congestion events, amplifying volatility and prices."
State Conflicts,Consolidation,"Large utilities and pipeline firms navigate patchwork state rules more easily, entrenching market power; consumers pay higher prices due to less competition."
State Conflicts,Underinvestment,"Policy clashes stall investment decisions, leaving infrastructure underbuilt; structural scarcity sustains higher long-term prices."
State Conflicts,Stranded Assets,"Conflicting state policies accelerate or slow retirements unevenly; uncertainty raises financing costs across the board, embedding a risk premium into prices."
State Conflicts,Extreme Weather,"Grid and fuel supply coordination suffer when states don't align; outages during storms hit harder, driving sharp price surges."
State Conflicts,Seasonal Spikes,"Seasonal demand crosses state lines, but fragmented policy makes coordination harder; bottlenecks and misaligned incentives push prices up."
State Conflicts,Droughts,"States fight over shared river and hydro assets; reduced cooperation raises substitution costs, worsening power price spikes."
State Conflicts,Insurance Costs,"Varied regulatory frameworks shape rebuild standards; insurers charge more in high-risk or fragmented states, and utilities pass costs through."
State Conflicts,Cooling Demand,"Misaligned demand-response and efficiency policies across states reduce coordination during heat waves, making peak power prices higher."
Carbon Rules,Renewable Mandates,"Carbon limits strengthen the case for renewables but force faster timelines; near-term, interconnection and supply-chain frictions make compliance costlier and keep prices elevated."
Carbon Rules,Labor Shortage,"Compliance (monitoring, retrofits, CCUS, leak detection) needs more skilled labor; scarcity lifts wages and project costs that flow into rates."
Carbon Rules,Input Costs,"Capture equipment, monitoring systems, catalysts, and offsets raise capex/OPEX; higher steel, copper, solvents, and power for capture push delivered energy prices up."
Carbon Rules,Cybersecurity,More sensors/data for MRV expand attack surfaces; added security/compliance spend raises operating costs.
Carbon Rules,Rising Wages,"Carbon-compliance work is labor-intensive; wage inflation directly increases the cost of meeting rules, passed through to customers."
Carbon Rules,Skills Gap,"Limited CCUS/process-engineering talent slows projects and drives up specialty rates, prolonging tight supply and higher prices."
Carbon Rules,Utility Monopolies,Compliance and retrofit costs are rate-based; fuel-switching and stranded-cost recovery raise bills under cost-of-service regulation.
Carbon Rules,Market Speculation,"Rule announcements move allowance/credit markets and forward power curves; speculative positioning can overshoot, temporarily lifting wholesale prices."
Carbon Rules,Consolidation,"Compliance scale favors larger firms; smaller emitters may exit or delay investment, reducing competitive supply response and supporting firmer prices."
Carbon Rules,Underinvestment,"Policy uncertainty (timing, stringency, legal risk) chills long-lived investment, keeping capacity tight and prices structurally higher."
Carbon Rules,Stranded Assets,Tighter limits accelerate retirements or require expensive retrofits; recovery of undepreciated balances and replacement capex push rates up.
Carbon Rules,Extreme Weather,"During storms/peaks, carbon costs make fossil backup pricier (unless waived), increasing emergency procurement costs and price spikes."
Carbon Rules,Seasonal Spikes,"Carbon adders stack on top of summer/winter demand; peak-hour marginal units face higher variable costs, amplifying seasonal price amplitudes."
Carbon Rules,Droughts,"Lost hydro shifts generation to fossil; with carbon costs, the substitution is more expensive, raising power prices further."
Carbon Rules,Insurance Costs,Higher regulatory and transition risks for carbon-intensive assets lift premiums and financing spreads; those carrying costs feed into rates.
Carbon Rules,Cooling Demand,"Hot-day peakers are often the highest emitters; carbon costs raise their dispatch prices, pushing peak wholesale electricity prices higher."
Renewable Mandates,Labor Shortage,"Accelerated buildouts (generation, storage, T&D) outstrip crew availability; wages and contractor premiums rise, lifting capex and O&M that flow into rates."
Renewable Mandates,Input Costs,"Surging demand for steel, copper, aluminum, polysilicon, glass, and cement tightens supply chains; procurement risk and freight raise installed costs and LCOE."
Renewable Mandates,Cybersecurity,"More inverter-based resources, DERs, and telemetry expand the attack surface; compliance, monitoring, and hardening costs increase utility OPEX."
Renewable Mandates,Rising Wages,"Intense competition for electricians, linemen, HV substation crews, and power-electronics engineers drives up payrolls embedded in project bids and rate cases."
Renewable Mandates,Skills Gap,"Shortfalls in protection engineering, interconnection studies, and commissioning slow projects; delays extend scarcity and keep prices firmer."
Renewable Mandates,Utility Monopolies,Mandated procurement and related transmission/storage upgrades are rate-based or passed through from PPAs; near-term bills rise before scale savings arrive.
Renewable Mandates,Market Speculation,"REC/credit markets, congestion rents, and hedge/PPA basis risk grow more volatile with rapid renewable penetration, amplifying wholesale price swings."
Renewable Mandates,Consolidation,"Developer/OEM consolidation can reduce bid competition and keep margins/prices elevated; scale helps later, but near-term costs can stay high."
Renewable Mandates,Underinvestment,"If transmission and flexible capacity lag mandates, curtailment and congestion increase system costs and suppress realized value-raising average prices."
Renewable Mandates,Stranded Assets,Earlier fossil retirements create stranded-cost recovery while new assets enter rate base; overlapping recoveries push bills up in the transition window.
Renewable Mandates,Extreme Weather,"Storm hardening for solar/wind and resilience measures (steel, foundations, O&M) add cost; variability during events increases reliance on pricier reserves."
Renewable Mandates,Seasonal Spikes,"Mandates shift net-load shapes; without sufficient firm capacity and storage, summer evenings and winter mornings clear at higher prices."
Renewable Mandates,Droughts,Hydro shortfalls raise dependence on wind/solar plus storage/thermal backup; added flexibility needs and water constraints at thermal plants increase costs.
Renewable Mandates,Insurance Costs,"Hail/windstorm exposure for large solar/wind sites lifts premiums and deductibles; finance requires broader coverage, raising LCOE."
Renewable Mandates,Cooling Demand,"Solar eases midday peaks, but late-day ramps require storage or peakers; if flexibility lags, peak-hour wholesale prices rise."
Labor Shortage,Input Costs,"Scarce crews mean projects take longer, using more steel, fuel, and materials per MW or mile; inefficiencies amplify cost inflation passed into rates."
Labor Shortage,Cybersecurity,"Too few IT/OT specialists stretch defenses thin; higher reliance on contractors and overtime raises costs, and successful breaches can trigger expensive outages."
Labor Shortage,Rising Wages,"Scarcity directly drives up wages for lineworkers, welders, turbine techs, and cybersecurity experts; payroll pressure filters straight into energy prices."
Labor Shortage,Skills Gap,"The shortage overlaps with missing specialized skills; retraining and inefficiency extend timelines, raising project and O&M costs further."
Labor Shortage,Utility Monopolies,Monopolies cover higher labor costs through rate recovery; captive customers shoulder inflated payrolls and delayed-project surcharges.
Labor Shortage,Market Speculation,"Traders price in slower project completions and outage risks linked to workforce scarcity, bidding up futures and congestion premiums."
Labor Shortage,Consolidation,"Larger firms can outbid smaller ones for scarce labor, concentrating market power; reduced competition sustains higher consumer prices."
Labor Shortage,Underinvestment,"Persistent shortages discourage timely project starts; systemic underbuild sustains supply tightness, leaving higher wholesale and retail prices."
Labor Shortage,Stranded Assets,Retirement of old plants is delayed if there aren't crews to replace capacity; running inefficient assets longer increases fuel costs and rates.
Labor Shortage,Extreme Weather,"Storm recovery slows with fewer crews; outages last longer, and emergency generation pushes wholesale prices up."
Labor Shortage,Seasonal Spikes,Winter gas repairs and summer grid upgrades are slower with fewer workers; outages during peak demand make spikes sharper and longer.
Labor Shortage,Droughts,"Hydro shortages demand more rapid deployment of alternative capacity; labor scarcity slows substitution, tightening supply and raising power prices."
Labor Shortage,Insurance Costs,Fewer inspectors and adjusters lengthen claims and rebuild timelines; longer downtime raises operational risk premiums and costs.
Labor Shortage,Cooling Demand,Crews can't keep up with summer outages or grid upgrades; lagging repairs cause peak prices to soar higher during heat waves.
Input Costs,Cybersecurity,"Inflation in hardware/software raises the cost of cyber defense systems; operators spend more for the same coverage, pushing O&M costs (and rates) higher."
Input Costs,Rising Wages,"Inflation in materials and fuel feeds into broader cost-of-living increases; workers demand higher pay, compounding the upward pressure on project and utility expenses."
Input Costs,Skills Gap,"Scarce skilled workers plus expensive materials slow projects and raise per-MW or per-mile costs, sustaining higher energy prices."
Input Costs,Utility Monopolies,"Monopolies pass elevated material/fuel bills straight through in the rate base or fuel riders, leaving customers exposed to global cost spikes."
Input Costs,Market Speculation,"Traders anticipate cost shocks (steel, diesel, copper) feeding into project delays and congestion; speculation amplifies wholesale volatility."
Input Costs,Consolidation,"Larger players can stockpile inputs during inflation; smaller competitors get squeezed out, leaving less competition and higher end-user prices."
Input Costs,Underinvestment,High material and construction costs deter new projects; systemic underbuild sustains scarcity and structurally higher prices.
Input Costs,Stranded Assets,Rising retrofit/maintenance costs make older plants uneconomical sooner; accelerated retirements increase near-term price pressure.
Input Costs,Extreme Weather,"Storms raise demand for steel, cement, diesel, and lumber; input inflation during rebuilds drives higher recovery costs and utility rates."
Input Costs,Seasonal Spikes,"Construction cycles collide with summer/winter peaks; expensive inputs make needed expansions pricier and slow relief, sharpening spikes."
Input Costs,Droughts,Water scarcity raises costs for thermal plant cooling and mining of materials; higher operating costs filter into power and fuel prices.
Input Costs,Insurance Costs,"Higher rebuild costs increase claims severity; insurers hike premiums, embedding a material-cost pass-through into rates."
Input Costs,Cooling Demand,Expensive steel/copper slows transformer and AC-equipment builds; lagging upgrades during hot summers push up peak power prices.
Cybersecurity,Rising Wages,"Cybersecurity specialists are scarce; rising pay levels drive up O&M costs for utilities, pipelines, and grid operators, which are passed to customers."
Cybersecurity,Skills Gap,"A lack of trained cyber talent makes protection harder; utilities spend more on contractors and software, raising baseline operating expenses."
Cybersecurity,Utility Monopolies,Monopolies recover cyber spending through rates; customers directly absorb higher costs of defense and incident recovery.
Cybersecurity,Market Speculation,High-profile attacks trigger speculative spikes in futures; risk premiums add to wholesale volatility.
Cybersecurity,Consolidation,"Larger firms can afford stronger cyber defenses, while smaller operators remain vulnerable; attacks on weak links ripple through the market, amplifying prices."
Cybersecurity,Underinvestment,Chronic underfunding of cyber defenses leaves systems exposed; successful attacks cause outages that spike prices sharply.
Cybersecurity,Stranded Assets,"Old plants/grids are harder to secure; higher risk premiums and compliance costs accelerate stranding, raising near-term bills."
Cybersecurity,Extreme Weather,Cyberattacks combined with weather stress create cascading outages; backup procurement during dual shocks drives extreme price spikes.
Cybersecurity,Seasonal Spikes,Summer/winter peaks give attackers leverage; incidents during these periods magnify wholesale and retail prices.
Cybersecurity,Droughts,"Water management systems tied to energy are cyber targets; disruptions compound scarcity, raising energy costs."
Cybersecurity,Insurance Costs,Rising cyberattack frequency drives up insurance premiums; utilities pass those higher carrying costs into rates.
Cybersecurity,Cooling Demand,Cyber disruptions to peakers or demand-response systems during heat waves send peak-hour wholesale prices soaring.
Rising Wages,Skills Gap,"A limited talent pool plus rising wages worsens the mismatch; higher compensation doesn't always buy needed expertise, driving delays and higher project costs."
Rising Wages,Utility Monopolies,"Monopolies recover higher payroll costs through rate cases; wage inflation across generation, T&D, and O&M directly lifts bills."
Rising Wages,Market Speculation,"Persistent wage-driven inflation keeps input-cost indices hot; traders price higher O&M/capex into forward markets, magnifying volatility."
Rising Wages,Consolidation,"Larger firms can absorb wage increases more easily, while smaller firms fold or merge; reduced competition sustains higher consumer prices."
Rising Wages,Underinvestment,"Rising wages raise hurdle rates for new projects; deferred builds sustain capacity scarcity, keeping prices structurally higher."
Rising Wages,Stranded Assets,Older plants may become too expensive to staff; forced retirements leave gaps that must be filled by pricier short-term generation.
Rising Wages,Extreme Weather,Storm recovery costs more when crews demand higher pay for overtime and hazard work; longer and pricier outages lift wholesale power costs.
Rising Wages,Seasonal Spikes,"Seasonal peak readiness (gas storage, plant tune-ups) costs more with higher labor rates; those costs compound into sharper seasonal price spikes."
Rising Wages,Droughts,"Higher wages for hydro operators and backup thermal plants during scarcity raise the cost of substituting lost hydro, increasing power prices."
Rising Wages,Insurance Costs,"Insurers' own payroll pressures flow into premiums; utilities face higher rebuild and staffing costs at once, pushing bills higher."
Rising Wages,Cooling Demand,Heat-wave response crews are costlier to mobilize; higher labor costs in outage response and peaker staffing push peak-hour prices up further.
Skills Gap,Utility Monopolies,"Monopolies cover inefficiencies caused by missing skills (delays, contractor premiums) through rate recovery; captive customers pay more for slower projects."
Skills Gap,Market Speculation,"Traders price in risks from construction delays and reliability concerns tied to worker shortages, magnifying wholesale price volatility."
Skills Gap,Consolidation,"Larger firms can poach limited talent, leaving smaller competitors unable to deliver; less competition sustains higher project and consumer costs."
Skills Gap,Underinvestment,Investors hesitate if projects can't be built on time; systemic underbuild prolongs supply tightness and keeps prices structurally high.
Skills Gap,Stranded Assets,"A lack of skilled labor delays replacement of aging assets; inefficient plants run longer, raising fuel costs and customer bills."
Skills Gap,Extreme Weather,Outage recovery is slower with fewer trained crews; repair bottlenecks during storms drive higher wholesale and retail prices.
Skills Gap,Seasonal Spikes,"Peak-prep work (gas storage fills, grid inspections) lags due to skill shortages; seasonal imbalances are sharper and more expensive."
Skills Gap,Droughts,"Hydro facilities need specialized upkeep; without skilled staff, failures force more expensive thermal generation to cover shortages."
Skills Gap,Insurance Costs,Longer rebuild timelines from scarce expertise raise insurers' risk assessments; premiums climb and feed into customer bills.
Skills Gap,Cooling Demand,Summer outages stretch limited crews; delays in restoring service amplify peak-hour wholesale price spikes.
Utility Monopolies,Market Speculation,"With monopolies passing through costs, traders view fuel and wholesale markets as less constrained by customer pushback; speculation on fuel or congestion is magnified because end users ultimately absorb it."
Utility Monopolies,Consolidation,"Consolidation of utilities entrenches monopoly control; reduced oversight or competition allows higher rate recovery, keeping prices elevated."
Utility Monopolies,Underinvestment,"Monopolies may underinvest in modernization (grid, generation) to protect earnings; underbuilt capacity sustains long-term high costs for customers."
Utility Monopolies,Stranded Assets,Monopolies recover undepreciated fossil plants through regulated rates; customers pay both for obsolete assets and for their replacements.
Utility Monopolies,Extreme Weather,"In monopolized service areas, storm recovery costs (fuel, rebuilds) are rate-based and guaranteed; customers see faster, larger bill impacts."
Utility Monopolies,Seasonal Spikes,Monopolies often pass through seasonal fuel adjustments with little hedging incentive; peak-season costs flow directly into retail bills.
Utility Monopolies,Droughts,"Hydro shortfalls or thermal cooling issues drive higher fuel costs; monopolies guarantee recovery, embedding volatility into consumer rates."
Utility Monopolies,Insurance Costs,Monopolies fully recover rising premiums for generation and grid assets; customer bills rise regardless of efficiency.
Utility Monopolies,Cooling Demand,"Summer peak power costs are passed straight through; monopolies have little incentive to mitigate with flexible pricing, so households see sharper bill spikes."
Market Speculation,Consolidation,Larger firms can leverage speculative swings with concentrated assets; fewer players magnify price moves and sustain higher volatility that filters into retail rates.
Market Speculation,Underinvestment,"Thin capacity makes markets more sensitive to speculative sentiment; perceived scarcity drives futures higher, which sets a higher baseline for wholesale prices."
Market Speculation,Stranded Assets,Traders anticipate retirements/stranding and bid up future scarcity; this speculation inflates present-day wholesale and forward prices.
Market Speculation,Extreme Weather,"Weather events become trading catalysts; speculation during hurricanes, freezes, or heat waves exaggerates price spikes beyond fundamentals."
Market Speculation,Seasonal Spikes,Traders front-run summer driving and winter heating cycles; speculative flows amplify seasonal price peaks and consumer bill volatility.
Market Speculation,Droughts,"Hydro shortfalls trigger bullish speculation on gas/coal; futures positioning exaggerates substitution costs, lifting wholesale and retail prices."
Market Speculation,Insurance Costs,"Rising premiums signal higher systemic risk; speculators build that into valuations, inflating forward energy price expectations."
Market Speculation,Cooling Demand,"Heat waves spark speculative buying of gas and power futures; positions overshoot fundamentals, driving peak-hour prices higher."
Consolidation,Underinvestment,"Consolidated firms often practice capital discipline, prioritizing shareholder returns; slower reinvestment in supply and infrastructure sustains higher long-term prices."
Consolidation,Stranded Assets,"Larger, consolidated firms can afford to retire or write down unprofitable assets, but they often push recovery costs into the rate base; customers pay both for stranded plants and replacements."
Consolidation,Extreme Weather,"Concentrated ownership means outages at a few firms ripple harder; recovery costs are more easily passed through, magnifying price spikes."
Consolidation,Seasonal Spikes,"With fewer competitors, firms may withhold capacity or be slower to add seasonal supply; reduced flexibility sharpens price swings."
Consolidation,Droughts,"When hydro or water-dependent plants are hit, fewer owners control substitution capacity; reduced competition inflates prices during scarcity."
Consolidation,Insurance Costs,"Larger firms face higher portfolio-wide premiums for coastal, wildfire, or storm assets; those costs are bundled into rates and retail bills."
Consolidation,Cooling Demand,"Consolidated utilities and generators can recover peak-season revenues more easily; limited competition reduces incentives to mitigate spikes, so households face steeper bills."
Underinvestment,Stranded Assets,Fear of stranding discourages capital for upgrades/new builds; underinvestment keeps capacity tight while stranded-cost recovery adds to bills.
Underinvestment,Extreme Weather,"With too few hardened assets, storms and freezes cause bigger outages; emergency generation costs and blackouts translate into sharp price spikes."
Underinvestment,Seasonal Spikes,Limited spare capacity means summer/winter peaks hit harder; underinvestment sharpens the amplitude of seasonal price surges.
Underinvestment,Droughts,Hydro systems and water infrastructure left underfunded fail under stress; reliance on costly backup fuels raises wholesale power prices.
Underinvestment,Insurance Costs,"Older, under-maintained assets face higher premiums; utilities recover those rising carrying costs in customer bills."
Underinvestment,Cooling Demand,"Demand growth outpaces investment in new generation/transmission; during heat waves, scarcity drives peak-hour prices to extreme levels."
Stranded Assets,Extreme Weather,"Plants or wires at risk of stranding are often older and less resilient; storms knock them out faster, forcing reliance on expensive emergency generation and driving price spikes."
Stranded Assets,Seasonal Spikes,"Early retirements shrink reserve margins; during summer/winter peaks, fewer dispatchable units are available, so seasonal spikes climb higher."
Stranded Assets,Droughts,Hydro or water-cooled thermal plants written off as stranded reduce available capacity; substitution with costlier fuels pushes up power prices.
Stranded Assets,Insurance Costs,Assets deemed at high risk of stranding face higher premiums; those costs are socialized into rates before retirement.
Stranded Assets,Cooling Demand,"As stranded peakers or fossil plants exit, remaining capacity runs harder during heat waves; scarcity and expensive substitutes drive peak prices higher."
Extreme Weather,Seasonal Spikes,Extreme weather events often coincide with seasonal peaks; overlapping stresses multiply price surges.
Extreme Weather,Droughts,"Storms and prolonged heat/freeze events worsen water scarcity; hydro and thermal plants lose output, forcing more expensive fuels online."
Extreme Weather,Insurance Costs,"More frequent and severe weather drives up claims; insurers raise premiums for generation, pipelines, and grid assets, costs that utilities pass into rates."
Extreme Weather,Cooling Demand,"Extreme heat waves intensify A/C load; combined with weather-damaged infrastructure, this drives peak-hour power prices to extreme levels."
Seasonal Spikes,Droughts,"Water shortages during summer reduce hydro output and cooling capacity at thermal plants; seasonal fuel demand surges harder, spiking prices."
Seasonal Spikes,Insurance Costs,"Peak seasons coincide with greater storm/wildfire risk; higher insured losses during these periods raise premiums, which feed back into energy costs."
Seasonal Spikes,Cooling Demand,Summer A/C load coincides with peak gasoline and gas demand; spikes in cooling amplify the seasonal volatility of wholesale and retail energy prices.
Droughts,Insurance Costs,"Persistent drought raises wildfire and infrastructure-damage risk; insurers hike premiums for utilities and hydro/thermal plants, costs that are recovered in rates."
Droughts,Cooling Demand,"Hot, dry summers compound both water stress and A/C load; hydro/thermal plants struggle to supply, forcing expensive backup generation and spiking peak prices."
Insurance Costs,Cooling Demand,"Higher A/C loads in hot summers raise system stress and outage risk; insurers factor this into premiums. Elevated premiums for utilities and peaker plants are passed through into rates, inflating summer energy bills."
